{
    "tissue_hires_scalef": 0.04155585,
    "tissue_lowres_scalef": 0.04155585,
    "fiducial_diameter_fullres": 610.1092152687129,
    "spot_diameter_fullres": 561.929213683149
}